timestamp,tipo_gerador,tipo_atividade,bairro_cidade,tipos_residuo,residuos_organicos,especificacao_residuos,origem_residuo,frequencia_descarte,quantidade_gerada,destino_atual,custo_destinacao,potencial_reaproveitamento,caracteristica_residuo,tentativa_reutilizacao,melhor_solucao,num_pessoas,conscientizacao,interesse_aprender
25/02/2026 19:23:46,Pessoa física (residência),"Alimentação (restaurante, padaria, mercado, etc.)",Outro,"Orgânicos (restos de alimentos, cascas, bagaço), Plástico",Restos de comida,Resto de refeição ,Consumo diário,Semanal,Menos de 10 kg por semana,Coleta pública comum,Não,Sim,Alto teor orgânico,Não,Compostagem ,,,
25/02/2026 19:28:58,Pessoa física (residência),Residencial,Chapecó (sem bairro),"Orgânicos (restos de alimentos, cascas, bagaço), Plástico, Óleo residual",Cascas de frutas,Casca de banana,Consumo diário,Diária,Menos de 10 kg por semana,Coleta pública comum,Não,Sim,"Contém vitaminas, minerais e compostos nutritivos",Sim,Óleo vegetal,,,
25/02/2026 19:29:42,Pessoa física (residência),Residencial,Xaxim,"Orgânicos (restos de alimentos, cascas, bagaço), Plástico",Restos de comida,Restos de comida sobrada e cascas de frutas ,Consumo diário,Semanal,Menos de 10 kg por semana,Compostagem,Não,Sim,"Contém vitaminas, minerais e compostos nutritivos",Sim,Compostagem ,,,
25/02/2026 19:30:07,Pessoa física (residência),Residencial,Xaxim,"Orgânicos (restos de alimentos, cascas, bagaço), Plástico",Restos de comida,"Arroz, restos de carnes e massas não consumidas no almoço ",Sobra de matéria-prima,Diária,10–50 kg por semana,Coleta pública comum,Não,Não,Alto teor orgânico,Sim,O descarte me parece o mais adequado para alimentos não consumidos,,,
25/02/2026 19:30:13,Pessoa física (residência),"Alimentação (restaurante, padaria, mercado, etc.)",Outro,"Plástico, Metal",Restos de comida,"Semente, restos de alimento, cascas de vários tipos",Consumo diário,Diária,Menos de 10 kg por semana,Compostagem,Não,Sim,Alto teor orgânico,Sim,Compostagem ,,,
25/02/2026 19:30:39,Pessoa física (residência),Residencial,Bela Vista,"Orgânicos (restos de alimentos, cascas, bagaço), Plástico, Metal",Cascas de legumes e verduras,"Resto de arroz, casca de batata",Consumo diário,Diária,Menos de 10 kg por semana,Coleta seletiva,Não,Nunca pensei sobre isso,Não sei informar,Sim,Reaproveitamento e novo destino ,,,
25/02/2026 19:39:49,Pessoa física (residência),Residencial,Cristo Rei,"Orgânicos (restos de alimentos, cascas, bagaço)",Restos de comida,Restos de comida,Consumo diário,Diária,Menos de 10 kg por semana,Coleta pública comum,Não,Nunca pensei sobre isso,Alto teor orgânico,Não,Compostagem ,,,
25/02/2026 20:08:33,Pessoa física (residência),Residencial,Líder,"Orgânicos (restos de alimentos, cascas, bagaço), Plástico, Papelão, Óleo residual",Restos de comida,Casca de frutas,Consumo diário,Diária,Menos de 10 kg por semana,Compostagem,Não,Sim,"Contém vitaminas, minerais e compostos nutritivos",Sim,Aproveitamento dos compostos úteis encontrados nos resíduos ,,,
25/02/2026 20:54:56,Pessoa física (residência),Indústria (qual?),Outro,Plástico,Borra de café,Borra de café ,Consumo diário,Diária,Menos de 10 kg por semana,Compostagem,Não,Nunca pensei sobre isso,"Contém vitaminas, minerais e compostos nutritivos",Não,Reaproveitando do resíduo ,,,
27/02/2026 15:00:51,Pessoa física (residência),Residencial,Xaxim,"Orgânicos (restos de alimentos, cascas, bagaço), Plástico","Restos de comida, Cascas de frutas, Casca de ovos, Cascas de legumes e verduras, Frutas estragadas, Legumes e verduras estragadas","Casca de banana, pedaços de tomate, centro do pimentão, gordura das carnes",Consumo diário,,5–10 kg por semana,Coleta seletiva,Não,Sim,"Alto teor orgânico, É úmido, Contém vitaminas, minerais e compostos nutritivos",Sim,,1 a 3,,Sim
27/02/2026 15:01:13,Pessoa física (residência),Residencial,Outro,"Orgânicos (restos de alimentos, cascas, bagaço), Plástico","Cascas de frutas, Casca de ovos, Cascas de legumes e verduras","Cascas de banana, manga e laranja, cascas de ovos, cascas de beterraba, cenoura, alho e cebola",Consumo diário,,1–5 kg por semana,Coleta seletiva,Não sei,Não,"Alto teor orgânico, É úmido",Sim,,1 a 3,,Sim
27/02/2026 15:02:32,Pessoa física (residência),Residencial,Outro,"Orgânicos (restos de alimentos, cascas, bagaço), Plástico","Restos de comida, Cascas de frutas, Casca de ovos","Cascas de banana, cascas de mamão, cascas de ovos, arroz e carne ",Consumo diário,,1–5 kg por semana,Coleta seletiva,Sim,Sim,"É úmido, Contém vitaminas, minerais e compostos nutritivos",Não,,1 a 3,,Sim
27/02/2026 15:06:31,Pessoa física (residência),Residencial,Jardim Itália,"Orgânicos (restos de alimentos, cascas, bagaço), Plástico","Restos de comida, Cascas de frutas, Frutas estragadas","Banana, restos de comida",Consumo diário,,1–5 kg por semana,Coleta pública comum,Não,Sim,"Alto teor orgânico, Contém vitaminas, minerais e compostos nutritivos",Não,,1 a 3,,Talvez
27/02/2026 15:06:38,Pessoa física (residência),Residencial,Efapi,"Orgânicos (restos de alimentos, cascas, bagaço), Plástico","Restos de comida, Casca de ovos, Frutas estragadas",Comida ,Consumo diário,,5–10 kg por semana,Coleta pública comum,Não,Sim,"Alto teor orgânico, É úmido",Não,,1 a 3,,Talvez
27/02/2026 15:07:12,Pessoa física (residência),Residencial,Jardim América,"Orgânicos (restos de alimentos, cascas, bagaço), Plástico","Cascas de frutas, Casca de ovos, Borra de café","Casa de ovo, borra de café, casca de fruta e legume  e lixo de banheiro",Consumo diário,,1–5 kg por semana,Coleta pública comum,Sim,Sim,"Alto teor orgânico, É úmido, Contém vitaminas, minerais e compostos nutritivos",Não,,1 a 3,,Sim
27/02/2026 15:07:49,Pessoa física (residência),Residencial,Efapi,"Orgânicos (restos de alimentos, cascas, bagaço), Plástico","Cascas de frutas, Casca de ovos","Cascas de ovos, cascas de banana e uva",Consumo diário,,1–5 kg por semana,Coleta seletiva,Não sei,Sim,É úmido,Não,,1 a 3,,Sim
27/02/2026 15:08:28,Pequena empresa,Serviços,Xaxim,"Orgânicos (restos de alimentos, cascas, bagaço), Plástico","Restos de comida, Cascas de frutas, Borra de café",Cascas de banana,Consumo diário,,1–5 kg por semana,Coleta pública comum,Não,Nunca pensei sobre isso,"Alto teor orgânico, É úmido, Contém vitaminas, minerais e compostos nutritivos",Não,,10 a 30,,Talvez
27/02/2026 15:08:45,Pessoa física (residência),Residencial,Jardim Itália,"Orgânicos (restos de alimentos, cascas, bagaço), Plástico","Restos de comida, Casca de ovos, Cascas de legumes e verduras","Casca de Banana, Restos de Carnes, Ovos, casca de pão",Consumo diário,,1–5 kg por semana,Coleta seletiva,Não,Sim,"Alto teor orgânico, É úmido",Não,,1 a 3,,Sim
27/02/2026 15:09:05,Pessoa física (residência),Residencial,Xaxim,"Orgânicos (restos de alimentos, cascas, bagaço), Plástico","Restos de comida, Cascas de frutas, Casca de ovos","Sementes de mamão 
Casca de banana ",Consumo diário,,Não sei estimar,Coleta seletiva,Não sei,Nunca pensei sobre isso,"Alto teor orgânico, É úmido",Não,,1 a 3,,Talvez
27/02/2026 15:10:02,Pessoa física (residência),Residencial,Centro,"Orgânicos (restos de alimentos, cascas, bagaço)","Cascas de frutas, Sementes de frutas, Cascas de legumes e verduras","Cascas de maçã, banana e laranja. Sementes de mamão e melão.",Consumo diário,,1–5 kg por semana,Compostagem,Não,Sim,"Contém vitaminas, minerais e compostos nutritivos",Sim,,4 a 6,,Sim
27/02/2026 15:10:19,Pessoa física (residência),Serviços,Frei Bruno,"Orgânicos (restos de alimentos, cascas, bagaço), Plástico","Restos de comida, Cascas de frutas, Cascas de legumes e verduras","Resto de carboidratos, verduras que sobram da salada, cascas de frutas em geral. ",Consumo diário,,5–10 kg por semana,Compostagem,Sim,Nunca pensei sobre isso,"Alto teor orgânico, É úmido",Não,,4 a 6,,Talvez
27/02/2026 15:15:41,Pessoa física (residência),Residencial,Fernando Machado,"Orgânicos (restos de alimentos, cascas, bagaço), Plástico, Papelão","Restos de comida, Cascas de frutas, Casca de ovos, Borra de café",Cascas de vegetais,Consumo diário,,1–5 kg por semana,Coleta pública comum,Não,Nunca pensei sobre isso,"Alto teor orgânico, É úmido",Não,,1 a 3,,Não
27/02/2026 15:15:54,Pessoa física (residência),Residencial,Efapi,"Orgânicos (restos de alimentos, cascas, bagaço), Plástico","Restos de comida, Cascas de frutas","Cascas de melão, maça e resto da comida descartada do almoço",Consumo diário,,1–5 kg por semana,Coleta pública comum,Não,Não,Alto teor orgânico,Não,,1 a 3,,Talvez
27/02/2026 15:17:18,Pessoa física (residência),Residencial,Centro,"Plástico, Papelão","Restos de comida, Cascas de legumes e verduras","Restos de comida, casca de ovo, casca de batatas, cascas de abobrinha etc. ",Consumo diário,,Não sei estimar,Coleta pública comum,Não,Nunca pensei sobre isso,"Alto teor orgânico, É úmido",Não,,1 a 3,,Talvez
27/02/2026 15:21:04,Pessoa física (residência),Residencial,Presidente Médici,"Orgânicos (restos de alimentos, cascas, bagaço), Plástico","Restos de comida, Cascas de frutas, Borra de café","Casca de banana, casca de uva, resto de arroz ",Consumo diário,,1–5 kg por semana,Coleta seletiva,Não sei,Sim,"Alto teor orgânico, É seco",Não,,1 a 3,,Talvez
27/02/2026 15:23:47,Pessoa física (residência),Residencial,Belvedere,"Orgânicos (restos de alimentos, cascas, bagaço), Plástico","Restos de comida, Casca de ovos, Cascas de legumes e verduras","Restos de comida 
Casca de frutas (banana, laranja, abacaxi)",Consumo diário,,1–5 kg por semana,Coleta pública comum,Não,Nunca pensei sobre isso,"Alto teor orgânico, É úmido, Contém vitaminas, minerais e compostos nutritivos",Não,,4 a 6,,Talvez
27/02/2026 15:27:33,Pessoa física (residência),Residencial,Presidente Médici,"Orgânicos (restos de alimentos, cascas, bagaço), Plástico","Restos de comida, Cascas de frutas, Cascas de legumes e verduras","Cascas de cenoura, restos de carne, casca e sementes de mamão",Consumo diário,,Não sei estimar,Coleta pública comum,Não,Sim,Alto teor orgânico,Não,,4 a 6,,Sim
27/02/2026 15:28:02,Pessoa física (residência),Serviços,Efapi,"Orgânicos (restos de alimentos, cascas, bagaço), Plástico","Restos de comida, Cascas de legumes e verduras, Legumes e verduras estragadas","Restos de carne, cascas de frutas e legumes",Consumo diário,,1–5 kg por semana,Coleta pública comum,Não,Não,É úmido,Não,,1 a 3,,Talvez
27/02/2026 15:28:08,Pessoa física (residência),Universidade,Chapecó (sem bairro),"Orgânicos (restos de alimentos, cascas, bagaço), Plástico","Cascas de frutas, Casca de ovos, Cascas de legumes e verduras","cascas diversas, de todos tipos de frutas; cascas de legumes",Consumo diário,,5–10 kg por semana,Compostagem,Não,Sim,"Alto teor orgânico, É úmido, Contém vitaminas, minerais e compostos nutritivos",Sim,,4 a 6,,Sim
27/02/2026 15:28:23,Pessoa física (residência),Residencial,Bela Vista,"Orgânicos (restos de alimentos, cascas, bagaço), Plástico","Restos de comida, Cascas de frutas, Legumes e verduras estragadas","Arroz, macarrão, feijão e carne. Frutas de laranja, banana, maracujá, tomate e manga. Verduras: batata, cenoura, alface e pepino ",Consumo diário,,5–10 kg por semana,Coleta pública comum,Não sei,Sim,Não sei informar,Sim,,1 a 3,,Talvez
27/02/2026 15:32:16,Pessoa física (residência),Indústria em geral,Xaxim,Plástico,"Cascas de frutas, Borra de café",erva de chimarrão,Consumo diário,,10–50 kg por semana,Coleta pública comum,Não sei,Nunca pensei sobre isso,"É úmido, É seco",Não,,30 a 50,,Talvez
27/02/2026 15:34:59,Pessoa física (residência),Residencial,Jardim América,"Orgânicos (restos de alimentos, cascas, bagaço), Plástico","Cascas de frutas, Casca de ovos, Cascas de legumes e verduras","Cascas de Banana, cascas de ovo, casca e semente de mamão, casca de melancia, laranja ",Consumo diário,,1–5 kg por semana,Coleta pública comum,Não,Sim,Alto teor orgânico,Não,,4 a 6,,Talvez
27/02/2026 15:40:55,Pessoa física (residência),Comércio,Vila Real,"Orgânicos (restos de alimentos, cascas, bagaço), Plástico","Restos de comida, Cascas de frutas, Cascas de legumes e verduras",Comida em geral ,Consumo diário,,5–10 kg por semana,Compostagem,Sim,Sim,É úmido,Sim,,1 a 3,,Talvez
27/02/2026 15:46:09,Pessoa física (residência),"Alimentação (restaurante, padaria, mercado, etc.)",Centro,"Orgânicos (restos de alimentos, cascas, bagaço), Plástico","Restos de comida, Borra de café","Resto de café, cascas de banana, restos de comida",Consumo diário,,Não sei estimar,Coleta pública comum,Não sei,Nunca pensei sobre isso,"Alto teor orgânico, É úmido",Não,,1 a 3,,Sim
27/02/2026 15:47:55,Pessoa física (residência),Residencial,Líder,"Orgânicos (restos de alimentos, cascas, bagaço), Plástico","Restos de comida, Cascas de frutas, Cascas de legumes e verduras",Cascas de frutas/legumes e restos de carte (ossos),Consumo diário,,1–5 kg por semana,Compostagem,Não,Nunca pensei sobre isso,É úmido,Não,,1 a 3,,Talvez
27/02/2026 15:48:38,Pessoa física (residência),Residencial,Bom Senso,"Orgânicos (restos de alimentos, cascas, bagaço), Plástico","Restos de comida, Cascas de frutas, Cascas de legumes e verduras","Restos de comidas, Cascas ou algo que estragou",Consumo diário,,5–10 kg por semana,Coleta seletiva,Não,Sim,"Contém vitaminas, minerais e compostos nutritivos",Sim,,4 a 6,,Sim
27/02/2026 15:49:11,Pessoa física (residência),Comércio,Desbravador,"Papelão, Metal, Óleo residual",Cascas de frutas,Cascas de banana/maçãs e restos de carne,Consumo diário,,10–50 kg por semana,Coleta seletiva,Não sei,Sim,Não sei informar,Não,,10 a 30,,Talvez
27/02/2026 15:51:34,Pessoa física (residência),Residencial,São Cristóvão,"Orgânicos (restos de alimentos, cascas, bagaço), Plástico","Restos de comida, Cascas de frutas, Frutas estragadas","Cascas de Banana
Frutas Podres
Comida Estragada",Consumo diário,,1–5 kg por semana,Coleta pública comum,Não sei,Sim,"Alto teor orgânico, É úmido",Não,,1 a 3,,Sim
27/02/2026 15:52:30,Pessoa física (residência),Residencial,Centro,"Orgânicos (restos de alimentos, cascas, bagaço), Plástico","Casca de ovos, Borra de café, Cascas de legumes e verduras","casca de ovo, borra de café e casca de abobrinha, casca de batata etc",Consumo diário,,1–5 kg por semana,Coleta pública comum,Não,Sim,"Alto teor orgânico, É úmido, Contém vitaminas, minerais e compostos nutritivos",Não,,1 a 3,,Sim
27/02/2026 15:54:54,Pessoa física (residência),Comércio,Efapi,"Orgânicos (restos de alimentos, cascas, bagaço), Plástico","Restos de comida, Casca de ovos, Borra de café","Casca de ovo, borra de café e cascas de frutas e legumes",Consumo diário,,1–5 kg por semana,Compostagem,Não,Sim,"Alto teor orgânico, Contém vitaminas, minerais e compostos nutritivos",Sim,,1 a 3,,Sim
27/02/2026 16:00:19,Pessoa física (residência),Residencial,Outro,"Orgânicos (restos de alimentos, cascas, bagaço), Plástico","Restos de comida, Cascas de frutas, Casca de ovos","Cascas de legumes, erva de chimarrão e de ovos principalmente ",Consumo diário,,5–10 kg por semana,Coleta pública comum,Não,Sim,"Alto teor orgânico, É úmido, Contém vitaminas, minerais e compostos nutritivos",Sim,,1 a 3,,Sim
27/02/2026 16:00:37,Pessoa física (residência),Serviços,Maria Goretti,"Orgânicos (restos de alimentos, cascas, bagaço), Plástico","Casca de ovos, Borra de café, Frutas estragadas, Legumes e verduras estragadas","Casca de banana, casca de ovos, borra de café ",Consumo diário,,1–5 kg por semana,Coleta seletiva,Não sei,Sim,"Contém vitaminas, minerais e compostos nutritivos",Não,,1 a 3,,Talvez
27/02/2026 16:02:02,Pessoa física (residência),Residencial,Efapi,"Orgânicos (restos de alimentos, cascas, bagaço), Plástico","Restos de comida, Casca de ovos, Cascas de legumes e verduras","Casacas de frutas, cascas de ovos, plástico",Consumo diário,,1–5 kg por semana,Coleta seletiva,Não,Sim,Não sei informar,Não,,1 a 3,,Talvez
27/02/2026 16:02:28,Pessoa física (residência),Residencial,Centro,"Orgânicos (restos de alimentos, cascas, bagaço), Plástico","Restos de comida, Casca de ovos, Borra de café","Casca de frutas, restos de alimento.",Consumo diário,,5–10 kg por semana,Coleta seletiva,Não,Sim,É seco,Não,,1 a 3,,Sim
27/02/2026 16:05:01,Pessoa física (residência),Residencial,Flor,"Orgânicos (restos de alimentos, cascas, bagaço), Plástico",Restos de comida,"Restos de Arroz, Saladas, Óleo",Consumo diário,,1–5 kg por semana,Coleta pública comum,Não,Não,"Alto teor orgânico, É úmido, Contém vitaminas, minerais e compostos nutritivos",Não,,1 a 3,,Talvez
27/02/2026 16:09:29,Pessoa física (residência),Residencial,Cristo Rei,"Orgânicos (restos de alimentos, cascas, bagaço), Plástico, Papelão",Restos de comida,Cascas de frutas,Consumo diário,,1–5 kg por semana,Coleta pública comum,Não,Sim,Alto teor orgânico,Não,,1 a 3,,Sim
27/02/2026 16:11:03,Pessoa física (residência),Residencial,Coronel Freitas,"Orgânicos (restos de alimentos, cascas, bagaço), Plástico","Restos de comida, Cascas de frutas, Casca de ovos, Cascas de legumes e verduras","Resto de comida, frutas, legumes",Consumo diário,,1–5 kg por semana,Coleta pública comum,Não,Nunca pensei sobre isso,É úmido,Não,,4 a 6,,Sim
27/02/2026 16:11:50,Pessoa física (residência),Residencial,Líder,"Orgânicos (restos de alimentos, cascas, bagaço), Plástico","Restos de comida, Cascas de frutas, Casca de ovos","Resto de arroz, massa, casca de frutas e cascas de ovo",Consumo diário,,1–5 kg por semana,Coleta pública comum,Não,Nunca pensei sobre isso,É úmido,Não,,4 a 6,,Talvez
27/02/2026 16:11:55,Pessoa física (residência),Residencial,Bela Vista,"Orgânicos (restos de alimentos, cascas, bagaço), Plástico",Restos de comida,Resto de comida em geral,Consumo diário,,5–10 kg por semana,Coleta seletiva,Não,Sim,É úmido,Sim,,1 a 3,,Sim
27/02/2026 16:12:44,Pessoa física (residência),Residencial,Outro,"Orgânicos (restos de alimentos, cascas, bagaço), Plástico","Restos de comida, Cascas de frutas, Casca de ovos",Restos de alimento no geral,Consumo diário,,1–5 kg por semana,Coleta pública comum,Não,Sim,É úmido,Não,,4 a 6,,Sim
27/02/2026 16:14:36,Microempreendedor individual (MEI),"Babá,vendas",Líder,"Plástico, Vidro","Cascas de frutas, Casca de ovos, Borra de café, Cascas de legumes e verduras","Restos de cascas,mas enterro tudo",Consumo diário,,Um kilo mais ou menos ,Reaproveitamento,Não,Nunca pensei sobre isso,"Contém vitaminas, minerais e compostos nutritivos",Sim,,1 a 3,,Talvez
27/02/2026 16:20:10,Pessoa física (residência),Residencial,Outro,"Orgânicos (restos de alimentos, cascas, bagaço), Plástico","Restos de comida, Cascas de frutas, Cascas de legumes e verduras","Cascas de cenoura, restos de arroz, cascas de banana",Consumo diário,,1–5 kg por semana,Coleta seletiva,Sim,Sim,"É úmido, Contém vitaminas, minerais e compostos nutritivos",Não,,4 a 6,,Talvez
27/02/2026 16:21:02,Pessoa física (residência),Comércio,Centro,"Orgânicos (restos de alimentos, cascas, bagaço)",Borra de café,"Cascas de banana, borra de café ",Consumo diário,,Não sei estimar,Compostagem,Não sei,Sim,É úmido,Não,,10 a 30,,Sim
27/02/2026 16:21:30,Pessoa física (residência),Residencial,Centro,"Orgânicos (restos de alimentos, cascas, bagaço), Plástico","Restos de comida, Borra de café","borra de café, cascas no preparo de alimentos",Consumo diário,,1–5 kg por semana,Coleta seletiva,Não,Nunca pensei sobre isso,É úmido,Não,,1 a 3,,Talvez
27/02/2026 16:26:10,Pessoa física (residência),Residencial,Chapecó (sem bairro),"Orgânicos (restos de alimentos, cascas, bagaço), Plástico","Cascas de frutas, Casca de ovos, Papel Higiênico","Casca de banana, mamão, maça, melancia, casca de ovo.",Consumo diário,,1–5 kg por semana,Coleta pública comum,Não,Sim,"Alto teor orgânico, Contém vitaminas, minerais e compostos nutritivos",Não,,1 a 3,,Não
27/02/2026 16:29:20,Pessoa física (residência),Residencial,Bela Vista,"Orgânicos (restos de alimentos, cascas, bagaço), Plástico, Óleo residual","Restos de comida, Cascas de frutas, Casca de ovos, Cascas de legumes e verduras, Frutas estragadas, Legumes e verduras estragadas","cascas de banana, cascas de batata, restos de refeições que já azedaram, outros alimentos que já azedaram como iogurte etc, cascas de temperos como cebola e alho, cascas de verduras e legumes em um geral",Consumo diário,,1–5 kg por semana,Coleta pública comum,Não,Sim,"Alto teor orgânico, Contém vitaminas, minerais e compostos nutritivos",Sim,,1 a 3,,Sim
27/02/2026 16:29:41,Pessoa física (residência),Residencial,Centro,"Orgânicos (restos de alimentos, cascas, bagaço), Plástico","Restos de comida, Cascas de frutas, Legumes e verduras estragadas","restos de comida no geral, carnes e grãos que acabam sobrando e cascas de frutas e vegetais ",Consumo diário,,1–5 kg por semana,Coleta pública comum,Não sei,Sim,"Alto teor orgânico, É úmido, Contém vitaminas, minerais e compostos nutritivos",Sim,,4 a 6,,Sim
27/02/2026 16:32:53,Pessoa física (residência),Residencial,Passo dos Fortes,"Orgânicos (restos de alimentos, cascas, bagaço), Plástico","Restos de comida, Casca de ovos, Borra de café",.,Consumo diário,,1–5 kg por semana,Coleta pública comum,Sim,Sim,"Alto teor orgânico, É úmido, Contém vitaminas, minerais e compostos nutritivos",Sim,,1 a 3,,Sim
27/02/2026 16:35:34,Pessoa física (residência),Residencial,Primavera,"Orgânicos (restos de alimentos, cascas, bagaço), Plástico","Restos de comida, Casca de ovos, Cascas de legumes e verduras","Cascas de banana, resto de comida (arroz, carne, feijão...) verduras estragas, casca da batatinha...",Consumo diário,,1–5 kg por semana,Coleta pública comum,Não sei,Nunca pensei sobre isso,Não sei informar,Não,,4 a 6,,Sim
27/02/2026 16:37:38,Pessoa física (residência),Residencial,São Cristóvão,"Orgânicos (restos de alimentos, cascas, bagaço), Plástico","Restos de comida, Legumes e verduras estragadas","Arroz, frutas estragadas ",Consumo diário,,1–5 kg por semana,Coleta seletiva,Não,Nunca pensei sobre isso,Alto teor orgânico,Não,,1 a 3,,Não
27/02/2026 16:38:45,Pessoa física (residência),Residencial,Efapi,"Orgânicos (restos de alimentos, cascas, bagaço), Plástico",Restos de comida,Restos de arroz e macarrão cozidos,Consumo diário,,1–5 kg por semana,Coleta pública comum,Não sei,Sim,Não sei informar,Não,,1 a 3,,Talvez
27/02/2026 16:40:32,Pessoa física (residência),Residencial,Saic,"Orgânicos (restos de alimentos, cascas, bagaço)","Restos de comida, Cascas de frutas, Casca de ovos","Casca de banana
Resto de arroz
Restos de macarrão
Casca de melancia 
",Consumo diário,,5–10 kg por semana,Coleta pública comum,Não,Sim,"Contém vitaminas, minerais e compostos nutritivos",Não,,1 a 3,,Talvez
27/02/2026 16:41:17,Pessoa física (residência),Residencial,Vila Real,"Orgânicos (restos de alimentos, cascas, bagaço), Plástico","Restos de comida, Cascas de frutas, Cascas de legumes e verduras","Casca de banana, casca de batata, arroz",Consumo diário,,1–5 kg por semana,Coleta pública comum,Não,Nunca pensei sobre isso,Alto teor orgânico,Não,,1 a 3,,Talvez
27/02/2026 16:46:17,Pessoa física (residência),Residencial,Alvorada,"Orgânicos (restos de alimentos, cascas, bagaço), Plástico","Restos de comida, Casca de ovos, Cascas de legumes e verduras","Restos de carne
Restos de arroz
Cascas de banana/frutas",Consumo diário,,1–5 kg por semana,Reaproveitamento,Não,Sim,Alto teor orgânico,Sim,,4 a 6,,Sim
27/02/2026 16:46:30,Pessoa física (residência),Residencial,Frei Bruno,"Orgânicos (restos de alimentos, cascas, bagaço), Plástico","Cascas de frutas, Casca de ovos, Cascas de legumes e verduras","Cascas de batatas, de cebolas, de laranja, banana..",Consumo diário,,10–50 kg por semana,Compostagem,Não,Não,Alto teor orgânico,Não,,4 a 6,,Talvez
27/02/2026 16:48:34,Pessoa física (residência),contabilidade,Presidente Médici,"Orgânicos (restos de alimentos, cascas, bagaço), Plástico, papel","Restos de comida, Cascas de frutas, Borra de café","casca de banana, restos de feijao e arroz",Consumo diário,,1–5 kg por semana,Coleta pública comum,Não,Nunca pensei sobre isso,É seco,Não,,6 a 10,,Talvez
27/02/2026 16:49:04,Pessoa física (residência),Residencial,Efapi,"Orgânicos (restos de alimentos, cascas, bagaço), Plástico","Restos de comida, Borra de café, Legumes e verduras estragadas","Carboidratos como macarrão com molho, arroz
Legumes e verduras como batatas, cenoura",Consumo diário,,"Menos de 1kg por semana, nem toda semana gera resíduo",Coleta pública comum,Sim,Nunca pensei sobre isso,Não sei informar,Não,,1 a 3,,Talvez
27/02/2026 16:57:03,Pessoa física (residência),Residencial,Jardim Itália,"Orgânicos (restos de alimentos, cascas, bagaço), Plástico, Papelão","Restos de comida, Cascas de frutas, Casca de ovos, Borra de café, Sementes de frutas, Cascas de legumes e verduras, Frutas estragadas, Legumes e verduras estragadas","Cascas de ovos, borra de café, cascas de frutas.",Consumo diário,,5–10 kg por semana,Coleta seletiva,Não,Sim,"Alto teor orgânico, É úmido, Contém vitaminas, minerais e compostos nutritivos",Não,,1 a 3,,Sim
27/02/2026 17:02:53,Pessoa física (residência),Serviços,Chapecó (sem bairro),"Orgânicos (restos de alimentos, cascas, bagaço), Plástico, Papelão, Vidro, Metal","Restos de comida, Cascas de frutas, Casca de ovos, Borra de café",Orgânicos provenientes de alimentos do dia-a-dia e recicláveis (embalagens),Consumo diário,,5–10 kg por semana,Coleta seletiva,Sim,Não,"Alto teor orgânico, É úmido, É seco",Não,,1 a 3,,Talvez
27/02/2026 17:11:53,Pessoa física (residência),Residencial,Pinhalzinho,"Orgânicos (restos de alimentos, cascas, bagaço), Plástico","Restos de comida, Cascas de frutas, Casca de ovos, Sementes de frutas, Cascas de legumes e verduras","Cascas de banana, arroz, semente de maçã, casca de laranja, embalagens ",Consumo diário,,1–5 kg por semana,Coleta seletiva,Não,Sim,"Alto teor orgânico, É úmido, É seco, Contém vitaminas, minerais e compostos nutritivos",Sim,,4 a 6,,Sim
27/02/2026 17:12:05,Pessoa física (residência),Residencial,Germânico,"Orgânicos (restos de alimentos, cascas, bagaço), Plástico","Restos de comida, Cascas de frutas, Casca de ovos","cascas de frutas, sobra de refeiçoes",Consumo diário,,1–5 kg por semana,Coleta pública comum,Não,Não,"Alto teor orgânico, Contém vitaminas, minerais e compostos nutritivos",Não,,4 a 6,,Talvez
27/02/2026 17:12:11,Instituição pública,Serviços,Xaxim,"Orgânicos (restos de alimentos, cascas, bagaço)","Restos de comida, Cascas de frutas, Casca de ovos",casca de diversas frutas,Processo produtivo,,1–5 kg por semana,Não sei,Não sei,Sim,"É úmido, Contém vitaminas, minerais e compostos nutritivos",Não,,10 a 30,,Talvez
27/02/2026 17:12:25,Pessoa física (residência),Residencial,Xaxim,"Orgânicos (restos de alimentos, cascas, bagaço), Plástico","Restos de comida, Cascas de frutas, Frutas estragadas",comida de panela cascas de banana melão melancia ,Consumo diário,,Não sei estimar,Compostagem,Não,Nunca pensei sobre isso,É úmido,Sim,,4 a 6,,Talvez
27/02/2026 17:12:30,Pessoa física (residência),Comércio,Outro,"Orgânicos (restos de alimentos, cascas, bagaço), Plástico, Óleo residual","Restos de comida, Cascas de frutas, Casca de ovos",Borra de cafe...,Consumo diário,,Não sei estimar,Coleta pública comum,Não sei,Não,Não sei informar,Não,,Mais de 50 pessoas,,Talvez
27/02/2026 17:12:38,Pessoa física (residência),Indústria em geral,Alvorada,"Orgânicos (restos de alimentos, cascas, bagaço), Papelão","Restos de comida, Borra de café, Frutas estragadas","sobra de café, frutas podre, erva mate",Consumo diário,,Não sei estimar,Coleta pública comum,Não sei,Sim,Não sei informar,Sim,,30 a 50,,Talvez
27/02/2026 17:12:39,Pessoa física (residência),Comércio,Primavera,"Orgânicos (restos de alimentos, cascas, bagaço), Plástico","Restos de comida, Cascas de frutas, Cascas de legumes e verduras","resto de comida, casca de legumes....................",Consumo diário,,5–10 kg por semana,Coleta pública comum,Não sei,Sim,"É úmido, Contém vitaminas, minerais e compostos nutritivos",Não,,Mais de 50 pessoas,,Talvez
27/02/2026 17:13:10,Pessoa física (residência),Residencial,Frei Bruno,"Orgânicos (restos de alimentos, cascas, bagaço), Plástico","Casca de ovos, Borra de café, Cascas de legumes e verduras","Erva mate, cascas de frutas ",Consumo diário,,5–10 kg por semana,Compostagem,Não,Sim,"Alto teor orgânico, É úmido",Sim,,4 a 6,,Sim
27/02/2026 17:13:14,Pessoa física (residência),Residencial,Guarany,"Orgânicos (restos de alimentos, cascas, bagaço), Plástico","Restos de comida, Borra de café, Cascas de legumes e verduras",restos do almoço,Consumo diário,,Não sei estimar,Coleta seletiva,Não sei,Nunca pensei sobre isso,Não sei informar,Não,,1 a 3,,Não
27/02/2026 17:13:15,Pessoa física (residência),Residencial,Guarany,"Plástico, Papelão","Restos de comida, Borra de café, Cascas de legumes e verduras",resto de almoço ,Consumo diário,,Não sei estimar,Coleta pública comum,Não sei,Nunca pensei sobre isso,Não sei informar,Não,,1 a 3,,Não
27/02/2026 17:13:39,Pessoa física (residência),Residencial,Outro,"Orgânicos (restos de alimentos, cascas, bagaço)",Restos de comida,restos de comida,Consumo diário,,Não sei estimar,Reaproveitamento,Não,Sim,É úmido,Sim,,4 a 6,,Não
27/02/2026 17:13:41,Pessoa física (residência),Residencial,Outro,"Orgânicos (restos de alimentos, cascas, bagaço), Óleo residual","Restos de comida, Cascas de frutas, Cascas de legumes e verduras","Restos de comida, cascas de fruta, erva mate.",Consumo diário,,Não sei estimar,Reaproveitamento,Não,Sim,"Alto teor orgânico, É úmido, Contém vitaminas, minerais e compostos nutritivos",Sim,,4 a 6,,Não
27/02/2026 17:14:35,Pessoa física (residência),Residencial,Xaxim,"Orgânicos (restos de alimentos, cascas, bagaço), Plástico","Restos de comida, Casca de ovos, Cascas de legumes e verduras","Erva-mate, cascas de ovos",Consumo diário,,1–5 kg por semana,Coleta pública comum,Não,Sim,É úmido,Não,,1 a 3,,Não
27/02/2026 17:15:47,Pessoa física (residência),Residencial,Xaxim,"Orgânicos (restos de alimentos, cascas, bagaço), Plástico","Cascas de frutas, Casca de ovos",casca de banana,Consumo diário,,1–5 kg por semana,Coleta pública comum,Não,Não,Alto teor orgânico,Não,,4 a 6,,Sim
27/02/2026 17:17:15,Pessoa física (residência),Residencial,Passo dos Fortes,"Orgânicos (restos de alimentos, cascas, bagaço), Plástico",Restos de comida,"cascas de fruta, carne ",Consumo diário,,5–10 kg por semana,Coleta pública comum,Não,Não,"Alto teor orgânico, É úmido",Não,,1 a 3,,Talvez
27/02/2026 17:17:48,Pessoa física (residência),Residencial,Santa Terezinha,"Orgânicos (restos de alimentos, cascas, bagaço), Plástico, Papelão","Restos de comida, Frutas estragadas, Legumes e verduras estragadas",Produtos de padaria mofados - Casca de frutas,Produto fora de especificação,,5–10 kg por semana,Reaproveitamento,Não sei,Nunca pensei sobre isso,"Alto teor orgânico, É úmido",Não,,1 a 3,,Sim
27/02/2026 17:17:57,Pessoa física (residência),agricultura,Primavera,"Orgânicos (restos de alimentos, cascas, bagaço), Plástico","Restos de comida, Cascas de frutas, Cascas de legumes e verduras, Frutas estragadas"," erva mate,casca de laranja",Consumo diário,,5–10 kg por semana,Compostagem,Não,Sim,"Alto teor orgânico, É úmido, É seco, Contém vitaminas, minerais e compostos nutritivos",Sim,,1 a 3,,Talvez
27/02/2026 17:18:01,Pessoa física (residência),Agricultura,Xaxim,"Orgânicos (restos de alimentos, cascas, bagaço), Plástico","Cascas de frutas, Casca de ovos, Cascas de legumes e verduras","Casca de ovos, erva-mate e casca de alface",Sobra de matéria-prima,,5–10 kg por semana,Reaproveitamento,Não,Sim,"Alto teor orgânico, É úmido, É seco, Contém vitaminas, minerais e compostos nutritivos",Sim,,6 a 10,,Sim
27/02/2026 17:23:18,Pessoa física (residência),Residencial,São Cristóvão,"Orgânicos (restos de alimentos, cascas, bagaço)","Cascas de frutas, Borra de café, Cascas de legumes e verduras","Borra de café, cascas de banana/melão/laranja/manga",Consumo diário,,1–5 kg por semana,Compostagem,Não,Sim,"Alto teor orgânico, É úmido, Contém vitaminas, minerais e compostos nutritivos",Sim,,1 a 3,,Não
27/02/2026 17:30:51,Pessoa física (residência),Residencial,Flor,"Orgânicos (restos de alimentos, cascas, bagaço), Plástico, Papelão","Restos de comida, Cascas de frutas, Casca de ovos","casca de melancia, resto de uva e casca de ovos ",Consumo diário,,Não sei estimar,Coleta pública comum,Não sei,Não,Não sei informar,Não,,1 a 3,,Sim
27/02/2026 17:40:21,Pessoa física (residência),Residencial,Chapecó (sem bairro),"Orgânicos (restos de alimentos, cascas, bagaço)","Cascas de frutas, Sementes de frutas, Cascas de legumes e verduras",Cascas de banana ,Consumo diário,,1–5 kg por semana,Descarte,Sim,Sim,É úmido,Sim,,1 a 3,,Sim
27/02/2026 17:51:16,Pessoa física (residência),Residencial,Jardim Itália,"Orgânicos (restos de alimentos, cascas, bagaço), Plástico","Restos de comida, Cascas de frutas, Casca de ovos",Borra de café e restos vegetais,Consumo diário,,Não sei estimar,Coleta seletiva,Sim,Sim,Não sei informar,Não,,1 a 3,,Talvez
27/02/2026 17:52:18,Pessoa física (residência),Residencial,Outro,"Orgânicos (restos de alimentos, cascas, bagaço), Plástico","Restos de comida, Cascas de frutas, Frutas estragadas","Casca de banana, melancia, restos de carnes…",Consumo diário,,5–10 kg por semana,Coleta pública comum,Sim,Sim,"Alto teor orgânico, Contém vitaminas, minerais e compostos nutritivos",Não,,4 a 6,,Talvez
27/02/2026 18:31:03,Pessoa física (residência),Residencial,São Cristóvão,"Orgânicos (restos de alimentos, cascas, bagaço), Plástico, Papelão, Vidro, Metal","Restos de comida, Cascas de frutas, Casca de ovos, Borra de café, Sementes de frutas, Cascas de legumes e verduras","Casca de banana, casca de ovo, restos de comida",Consumo diário,,5–10 kg por semana,Coleta pública comum,Não,Sim,"Alto teor orgânico, É úmido, Contém vitaminas, minerais e compostos nutritivos",Sim,,1 a 3,,Sim
27/02/2026 18:44:30,Pessoa física (residência),Residencial,Jardim Itália,"Orgânicos (restos de alimentos, cascas, bagaço), Plástico","Restos de comida, Casca de ovos, Cascas de legumes e verduras","Semente e casca de mamão e banana, erva usada, casca de ovo, cascas de legumes, ",Consumo diário,,10–50 kg por semana,Coleta pública comum,Não,Sim,"Alto teor orgânico, É úmido",Sim,,1 a 3,,Sim
27/02/2026 19:08:46,Pessoa física (residência),Residencial,Belvedere,"Orgânicos (restos de alimentos, cascas, bagaço), Plástico, Papelão, Vidro",Restos de comida,Cascas de frutas e erva mate,Consumo diário,,5–10 kg por semana,Coleta pública comum,Não,Sim,É úmido,Sim,,4 a 6,,Talvez
27/02/2026 19:12:00,Pessoa física (residência),Residencial,Coronel Freitas,"Orgânicos (restos de alimentos, cascas, bagaço), Plástico","Restos de comida, Cascas de frutas, Cascas de legumes e verduras",Cascas de legumes ,Consumo diário,,5–10 kg por semana,Reaproveitamento,Não,Não,Alto teor orgânico,Não,,4 a 6,,Sim
27/02/2026 20:16:11,Pessoa física (residência),Residencial,Efapi,"Orgânicos (restos de alimentos, cascas, bagaço), Plástico","Restos de comida, Cascas de frutas, Borra de café",Cascas de banana e borra de café ,Consumo diário,,1–5 kg por semana,Coleta seletiva,Não sei,Sim,"Alto teor orgânico, É úmido",Sim,,1 a 3,,Sim
27/02/2026 21:22:36,Pessoa física (residência),Residencial,Efapi,"Orgânicos (restos de alimentos, cascas, bagaço), Plástico","Restos de comida, Cascas de legumes e verduras, Frutas estragadas",Resto de carne,Consumo diário,,5–10 kg por semana,Coleta pública comum,Não,Sim,Não sei informar,Não,,1 a 3,,Sim
27/02/2026 21:31:57,Pessoa física (residência),Residencial,Coronel Freitas,"Orgânicos (restos de alimentos, cascas, bagaço), Plástico","Restos de comida, Cascas de frutas, Casca de ovos, Cascas de legumes e verduras",Casca de fruta ,Consumo diário,,5–10 kg por semana,Descarte,Não,Sim,"É úmido, Contém vitaminas, minerais e compostos nutritivos",Sim,,4 a 6,,Talvez
27/02/2026 21:33:48,Pessoa física (residência),Residencial,Cristo Rei,"Orgânicos (restos de alimentos, cascas, bagaço), Plástico","Restos de comida, Borra de café","Borra de café, casca de banana, melancia, laranja, restos de comida (arroz, feijão, macarrão)",Consumo diário,,5–10 kg por semana,Coleta pública comum,Não,Sim,"Alto teor orgânico, É úmido, Contém vitaminas, minerais e compostos nutritivos",Sim,,1 a 3,,Sim
27/02/2026 21:48:48,Pessoa física (residência),Residencial,Efapi,"Orgânicos (restos de alimentos, cascas, bagaço), Plástico","Restos de comida, Cascas de frutas, Legumes e verduras estragadas","Restos de carne, feijão, arroz e legumes inteiros que estragam",Consumo diário,,1–5 kg por semana,Coleta pública comum,Sim,Sim,"Alto teor orgânico, É úmido",Não,,1 a 3,,Não
27/02/2026 21:52:26,Pessoa física (residência),Residencial,Efapi,"Orgânicos (restos de alimentos, cascas, bagaço), Plástico, Papelão","Restos de comida, Cascas de frutas, Casca de ovos, Cascas de legumes e verduras, Frutas estragadas",resto de arroz ,Consumo diário,,1–5 kg por semana,Coleta pública comum,Não,Sim,Alto teor orgânico,Não,,1 a 3,,Talvez
28/02/2026 07:05:58,Pessoa física (residência),Residencial,Presidente Médici,"Orgânicos (restos de alimentos, cascas, bagaço), Plástico","Restos de comida, Cascas de legumes e verduras, Legumes e verduras estragadas","Restos de comida pronta,arroz feijão,legumes como abibrinha cascas de banana ,cascas de melancia,melão,cascas de uva ,saladas",Consumo diário,,1–5 kg por semana,Coleta seletiva,Não,Sim,Alto teor orgânico,Não,,1 a 3,,Sim
28/02/2026 09:24:36,Pessoa física (residência),Residencial,Coronel Freitas,"Orgânicos (restos de alimentos, cascas, bagaço), Plástico","Restos de comida, Cascas de frutas, Cascas de legumes e verduras",Cascas de legumes ,Consumo diário,,5–10 kg por semana,Reaproveitamento,Não,Não,Alto teor orgânico,Não,,4 a 6,,Sim
28/02/2026 09:57:39,Pessoa física (residência),Residencial,Efapi,"Orgânicos (restos de alimentos, cascas, bagaço), Plástico","Restos de comida, Casca de ovos, Borra de café",Cascas de banana,Consumo diário,,Não sei estimar,Coleta pública comum,Não,Nunca pensei sobre isso,É úmido,Não,,1 a 3,,Talvez
28/02/2026 10:54:53,Pessoa física (residência),Residencial,Efapi,"Orgânicos (restos de alimentos, cascas, bagaço), Plástico","Restos de comida, Cascas de frutas","Borra de café 
Semente de fruta 
Cascas de fruta 
Casca de ovo
Comidas que já estragaram 
Embalagens ",Consumo diário,,1–5 kg por semana,Coleta pública comum,Não sei,Sim,"Alto teor orgânico, É úmido, Contém vitaminas, minerais e compostos nutritivos",Não,,1 a 3,,Sim
28/02/2026 13:12:12,Pessoa física (residência),Residencial,Desbravador,"Orgânicos (restos de alimentos, cascas, bagaço), Plástico","Restos de comida, Casca de ovos, Cascas de legumes e verduras","Casca de ovo/cenoura/batata/chuchu/abóbora/cebola/alho, folhas de alface/repolho, restos de carne.",Consumo diário,,1–5 kg por semana,Coleta pública comum,Não,Sim,"Alto teor orgânico, É úmido",Sim,,1 a 3,,Talvez
28/02/2026 18:00:11,Pessoa física (residência),Residencial,Frei Bruno,"Orgânicos (restos de alimentos, cascas, bagaço), Plástico","Restos de comida, Cascas de frutas, Casca de ovos","Restos de Comida, Cascas de Frutas",Consumo diário,,5–10 kg por semana,Compostagem,Não,Sim,"Alto teor orgânico, É úmido",Sim,,4 a 6,,Sim
28/02/2026 18:33:26,Pessoa física (residência),Residencial,Outro,"Orgânicos (restos de alimentos, cascas, bagaço), Plástico","Restos de comida, Cascas de frutas, Cascas de legumes e verduras","Restos de frutas de diversos tipos, casca de ovos, erva mate e terere, café, restos de comida...",Consumo diário,,Não sei estimar,Compostagem,Não,Sim,Alto teor orgânico,Sim,,4 a 6,,Sim
28/02/2026 19:08:09,Pessoa física (residência),Residencial,Chapecó (sem bairro),"Orgânicos (restos de alimentos, cascas, bagaço), Plástico, Metal","Restos de comida, Cascas de frutas, Casca de ovos, Cascas de legumes e verduras, Legumes e verduras estragadas","Restos de alimentos (feijão e arroz);
Cascas de ovos (ovos caipiras);
Cascas de laranja;
Cascas de batata;
Restos de salada (geralmente as bordas) estragadas.",Consumo diário,,1–5 kg por semana,Compostagem,Não,Sim,"Alto teor orgânico, É úmido, Contém vitaminas, minerais e compostos nutritivos",Sim,,4 a 6,,Talvez
28/02/2026 19:12:30,Pessoa física (residência),Residencial,Coronel Freitas,"Orgânicos (restos de alimentos, cascas, bagaço), Plástico","Restos de comida, Casca de ovos, Cascas de legumes e verduras","Casca de ovos 
Cascas de verduras e legumes 
Restos de alimentos ",Consumo diário,,1–5 kg por semana,Descarte,Não,Sim,Não sei informar,Não,,4 a 6,,Sim
28/02/2026 19:12:48,Pessoa física (residência),Serviços,União do Oeste,"Orgânicos (restos de alimentos, cascas, bagaço), Plástico","Cascas de frutas, Casca de ovos, Cascas de legumes e verduras",Cascas de banana ,Consumo diário,,1–5 kg por semana,Compostagem,Não,Sim,"Contém vitaminas, minerais e compostos nutritivos",Sim,,1 a 3,,Sim
28/02/2026 19:31:47,Microempreendedor individual (MEI),Serviços,Centro,"Plástico, Papelão, Vidro","Restos de comida, Casca de ovos","Resto de carne, cascas e sementes de frutas ",Consumo diário,,Não sei estimar,Coleta pública comum,Sim,Sim,É úmido,Não,,1 a 3,,Talvez
28/02/2026 19:57:21,Instituição pública,Educadora,Coronel Freitas,Plástico,"Restos de comida, Cascas de legumes e verduras, Legumes e verduras estragadas","Restos de carne , cascas de legumes, cas cas de frutas. ",Consumo diário,,Não sei estimar,Reaproveitamento,Não,Sim,"Contém vitaminas, minerais e compostos nutritivos",Sim,,1 a 3,,Sim
28/02/2026 20:27:16,Pessoa física (residência),Residencial,União do Oeste,"Orgânicos (restos de alimentos, cascas, bagaço), Plástico","Restos de comida, Cascas de frutas, Casca de ovos","Casca de banana 
Laranja
Maçã ",Processo produtivo,,1–5 kg por semana,Compostagem,Não,Sim,É úmido,Não,,1 a 3,,Sim
28/02/2026 20:30:41,Pessoa física (residência),Residencial,São Cristóvão,"Orgânicos (restos de alimentos, cascas, bagaço), Plástico","Restos de comida, Cascas de frutas, Cascas de legumes e verduras"," restos de comidas, cascas de frutas etc.",Consumo diário,,1–5 kg por semana,Coleta seletiva,Sim,Sim,Alto teor orgânico,Sim,,1 a 3,,Talvez
28/02/2026 20:38:06,Pessoa física (residência),Residencial,São Cristóvão,"Orgânicos (restos de alimentos, cascas, bagaço), Plástico","Restos de comida, Cascas de frutas, Cascas de legumes e verduras","Restos de comidas, cascas de frutas e legumes etc.",Consumo diário,,1–5 kg por semana,Coleta seletiva,Sim,Sim,Alto teor orgânico,Sim,,1 a 3,,Sim
28/02/2026 20:54:53,Pessoa física (residência),Residencial,Coronel Freitas,"Orgânicos (restos de alimentos, cascas, bagaço), Plástico","Restos de comida, Cascas de frutas, Cascas de legumes e verduras","Cascas de laranja, banana, restos de feijão, carne, cascas de batata, moranga, mandioca.",Consumo diário,,1–5 kg por semana,Reaproveitamento,Não,Sim,É úmido,Não,,4 a 6,,Sim
28/02/2026 21:02:16,Pessoa física (residência),Residencial,Pinhalzinho,"Orgânicos (restos de alimentos, cascas, bagaço), Plástico, Papelão","Cascas de frutas, Casca de ovos, Borra de café","Casca de banana, casca e semente de mamão, borra de café. ",Consumo diário,,1–5 kg por semana,Coleta seletiva,Não,Sim,"Alto teor orgânico, É úmido, Contém vitaminas, minerais e compostos nutritivos",Não,,1 a 3,,Sim
28/02/2026 21:02:47,Pessoa física (residência),Residencial,União do Oeste,"Orgânicos (restos de alimentos, cascas, bagaço), Plástico","Cascas de frutas, Casca de ovos, Cascas de legumes e verduras",Casca de diversos legumes e frutos ,Consumo diário,,1–5 kg por semana,Reaproveitamento,Não,Sim,"Contém vitaminas, minerais e compostos nutritivos",Sim,,1 a 3,,Sim
28/02/2026 21:05:18,Pessoa física (residência),Residencial,União do Oeste,"Orgânicos (restos de alimentos, cascas, bagaço), Plástico","Cascas de frutas, Casca de ovos, Cascas de legumes e verduras",Casca de diversos legumes e frutas,Consumo diário,,1–5 kg por semana,Reaproveitamento,Não,Sim,É seco,Sim,,1 a 3,,Sim
28/02/2026 21:07:17,Pessoa física (residência),Residencial,União do Oeste,"Plástico, Resíduos químicos","Cascas de frutas, Casca de ovos, Cascas de legumes e verduras",Cascas de legumes e verduras,Consumo diário,,1–5 kg por semana,Reaproveitamento,Não,Sim,É seco,Sim,,1 a 3,,Sim
28/02/2026 21:15:47,Pequena empresa,Serviços,Outro,"Orgânicos (restos de alimentos, cascas, bagaço), Resíduos químicos","Cascas de frutas, Casca de ovos, Cascas de legumes e verduras",Cascas de bananas,Consumo diário,,1–5 kg por semana,Compostagem,Não,Sim,Alto teor orgânico,Sim,,1 a 3,,Sim
28/02/2026 21:16:02,Pessoa física (residência),Residencial,São Cristóvão,"Orgânicos (restos de alimentos, cascas, bagaço), Plástico","Restos de comida, Cascas de frutas","Cascas de bananas, ossos de carne e embalagens de alimentos.",Consumo diário,,1–5 kg por semana,Coleta pública comum,Sim,Sim,"Alto teor orgânico, É úmido, Contém vitaminas, minerais e compostos nutritivos",Não,,1 a 3,,Não
28/02/2026 21:25:38,Pessoa física (residência),Serviços,Centro,"Orgânicos (restos de alimentos, cascas, bagaço), Plástico","Restos de comida, Cascas de frutas, Casca de ovos",Casca de banana e sementes de mamão ,Consumo diário,,1–5 kg por semana,Coleta seletiva,Não,Sim,Alto teor orgânico,Não,,1 a 3,,Sim
28/02/2026 21:30:01,Pequena empresa,Serviços,Outro,"Orgânicos (restos de alimentos, cascas, bagaço), Plástico","Restos de comida, Cascas de frutas, Casca de ovos",Sementes de mamado restos de arroz e pão ,Consumo diário,,1–5 kg por semana,Coleta pública comum,Não,Sim,"Alto teor orgânico, Contém vitaminas, minerais e compostos nutritivos",Sim,,1 a 3,,Sim
01/03/2026 09:01:56,Pessoa física (residência),Residencial,Outro,"Orgânicos (restos de alimentos, cascas, bagaço), Plástico","Cascas de frutas, Cascas de legumes e verduras, Erva mate","Casca de alho, casca de cebola, erva mate",Consumo diário,,1–5 kg por semana,Coleta pública comum,Não sei,Sim,Alto teor orgânico,Sim,,1 a 3,,Sim
01/03/2026 12:22:05,Pessoa física (residência),Residencial,Vila Real,"Orgânicos (restos de alimentos, cascas, bagaço), Plástico, Papelão","Restos de comida, Casca de ovos, Borra de café","Borra de café
Cascas de ovo
Cascas de verduras ",Consumo diário,,1–5 kg por semana,Coleta pública comum,Não sei,Sim,"É úmido, É seco",Sim,,1 a 3,,Talvez
01/03/2026 20:22:24,Pessoa física (residência),Residencial,Líder,"Orgânicos (restos de alimentos, cascas, bagaço), Plástico, Vidro, Óleo residual","Restos de comida, Casca de ovos, Legumes e verduras estragadas","Resto de carnes ,sementes  de melancia  laranja ,cascas de melão,banana, e demais frutas ",Consumo diário,,1–5 kg por semana,Coleta seletiva,Não sei,Sim,"Contém vitaminas, minerais e compostos nutritivos",Sim,,4 a 6,,Sim
01/03/2026 22:33:19,Pessoa física (residência),Residencial,União do Oeste,"Orgânicos (restos de alimentos, cascas, bagaço)","Restos de comida, Cascas de frutas, Casca de ovos, Cascas de legumes e verduras","Casca de banana, saladas, resto de carnes e algumas outras comidas",Consumo diário,,1–5 kg por semana,Compostagem,Não,Sim,"Contém vitaminas, minerais e compostos nutritivos",Não,,1 a 3,,Talvez
02/03/2026 13:08:37,Pessoa física (residência),Residencial,Outro,"Orgânicos (restos de alimentos, cascas, bagaço), Plástico","Restos de comida, Casca de ovos, Cascas de legumes e verduras","Restos de carne de frango, casca de batata, casca de cenoura e cascas de ovo ",Consumo diário,,5–10 kg por semana,Coleta pública comum,Não,Sim,"Contém vitaminas, minerais e compostos nutritivos",Sim,,4 a 6,,Sim
02/03/2026 16:51:19,Pessoa física (residência),Comércio,Xaxim,Plástico,"Restos de comida, Cascas de frutas, Legumes e verduras estragadas",restos de comida,Consumo diário,,Não sei estimar,Reaproveitamento,Não sei,Não,É úmido,Sim,,Mais de 50 pessoas,,Talvez
02/03/2026 16:51:53,Pessoa física (residência),Residencial,Centro,"Orgânicos (restos de alimentos, cascas, bagaço), Plástico","Restos de comida, Cascas de frutas, Cascas de legumes e verduras",resto de comida,Consumo diário,,5–10 kg por semana,Coleta pública comum,Sim,Sim,Alto teor orgânico,Sim,,1 a 3,,Não
02/03/2026 16:52:24,Pessoa física (residência),Comércio,Xaxim,"Orgânicos (restos de alimentos, cascas, bagaço), Plástico",Restos de comida,Restos de comida almoço janta ,Consumo diário,,1–5 kg por semana,Coleta pública comum,Não,Sim,Não sei informar,Sim,,1 a 3,,Talvez
02/03/2026 16:52:24,Pessoa física (residência),Comércio,Xaxim,"Orgânicos (restos de alimentos, cascas, bagaço), Plástico",Restos de comida,restos de alimentos,Consumo diário,,5–10 kg por semana,Coleta pública comum,Não,Sim,Não sei informar,Sim,,4 a 6,,Talvez
02/03/2026 16:52:57,Pessoa física (residência),Serviços,Outro,"Orgânicos (restos de alimentos, cascas, bagaço), Papelão","Restos de comida, Cascas de frutas, Casca de ovos",CAscas de banana,Consumo diário,,1–5 kg por semana,Coleta pública comum,Não,Sim,É úmido,Sim,,1 a 3,,Talvez
02/03/2026 16:53:24,Pessoa física (residência),"Alimentação (restaurante, padaria, mercado, etc.)",Bela Vista,"Orgânicos (restos de alimentos, cascas, bagaço), Plástico","Restos de comida, Casca de ovos, Borra de café",resto de comida,Consumo diário,,Não sei estimar,Coleta pública comum,Não sei,Nunca pensei sobre isso,Não sei informar,Não,,4 a 6,,Não
02/03/2026 16:53:31,Pessoa física (residência),Serviços,Primavera,"Plástico, ","Restos de comida, Cascas de frutas, Cascas de legumes e verduras, Frutas estragadas, Legumes e verduras estragadas",Frutas estragadas,Consumo diário,,Não sei estimar,Coleta pública comum,Não,Sim,É úmido,Não,,Mais de 50 pessoas,,Talvez
02/03/2026 16:53:45,Pessoa física (residência),Comércio,Guarany,Plástico,Restos de comida,restos de comida,Consumo diário,,1–5 kg por semana,Coleta pública comum,Sim,Sim,"Alto teor orgânico, É úmido, Contém vitaminas, minerais e compostos nutritivos",Sim,,4 a 6,,Sim
02/03/2026 16:54:16,Pessoa física (residência),Residencial,Primavera,"Orgânicos (restos de alimentos, cascas, bagaço)",Restos de comida,Casca de banana,Consumo diário,,10–50 kg por semana,Coleta pública comum,Não,Sim,É úmido,Não,,4 a 6,,Sim
02/03/2026 16:54:48,Pessoa física (residência),Residencial,Primavera,Plástico,"Cascas de frutas, Sementes de frutas, Cascas de legumes e verduras",",
",Consumo diário,,10–50 kg por semana,Coleta seletiva,Sim,Não,Não sei informar,Não,,6 a 10,,Não
02/03/2026 16:54:56,Pessoa física (residência),Residencial,Xaxim,"Orgânicos (restos de alimentos, cascas, bagaço), Plástico","Restos de comida, Cascas de frutas, Casca de ovos, Borra de café, Sementes de frutas, Cascas de legumes e verduras, Frutas estragadas, Legumes e verduras estragadas",casca de banana,Consumo diário,,5–10 kg por semana,Coleta pública comum,Não sei,Sim,"É úmido, É seco",Sim,,1 a 3,,Talvez
02/03/2026 16:55:07,Pessoa física (residência),Serviços,Xaxim,"Orgânicos (restos de alimentos, cascas, bagaço), Plástico","Restos de comida, Cascas de frutas, Cascas de legumes e verduras", cascas de frutas e plasticos,Consumo diário,,1–5 kg por semana,Coleta pública comum,Não,Não,Não sei informar,Não,,1 a 3,,Talvez
02/03/2026 16:55:08,Microempreendedor individual (MEI),"Alimentação (restaurante, padaria, mercado, etc.)",Xaxim,Plástico,"Cascas de frutas, Sementes de frutas, Frutas estragadas","cascas de kiwi, banana, manga...",Consumo diário,,Não sei estimar,Coleta pública comum,Não sei,Não,Não sei informar,Não,,1 a 3,,Talvez
02/03/2026 16:55:30,Pessoa física (residência),Residencial,Xaxim,"Orgânicos (restos de alimentos, cascas, bagaço), Plástico, Papelão","Restos de comida, Cascas de frutas, Casca de ovos, Cascas de legumes e verduras, Frutas estragadas, Legumes e verduras estragadas",casca de ovo,Consumo diário,,1–5 kg por semana,Coleta pública comum,Não sei,Sim,Não sei informar,Sim,,4 a 6,,Talvez
02/03/2026 16:56:31,Pessoa física (residência),Residencial,Xaxim,"Orgânicos (restos de alimentos, cascas, bagaço), Plástico, ",Restos de comida,"Feijão, arroz",Consumo diário,,10–50 kg por semana,Compostagem,Não sei,Não,Não sei informar,Não,,1 a 3,,Talvez
02/03/2026 16:56:37,Pessoa física (residência),Residencial,Centro,"Orgânicos (restos de alimentos, cascas, bagaço), Plástico, Óleo residual","Restos de comida, Casca de ovos, Borra de café, Sementes de frutas","Borra de café , semente de maça ,osso ",Sobra de matéria-prima,,1–5 kg por semana,Coleta pública comum,Não,Sim,"Alto teor orgânico, É úmido, Contém vitaminas, minerais e compostos nutritivos",Sim,,4 a 6,,Sim
02/03/2026 16:56:37,Pessoa física (residência),Residencial,Centro,"Orgânicos (restos de alimentos, cascas, bagaço), Plástico","Restos de comida, Frutas estragadas, Legumes e verduras estragadas",resto de picanha,Consumo diário,,Não sei estimar,Reaproveitamento,Não,Sim,"Contém vitaminas, minerais e compostos nutritivos",Não,,1 a 3,,Talvez
02/03/2026 16:56:47,Pessoa física (residência),Residencial,Xaxim,"Orgânicos (restos de alimentos, cascas, bagaço), Plástico, Resíduos químicos","Restos de comida, Cascas de frutas, Casca de ovos, Borra de café, Cascas de legumes e verduras",cascas de banana ,Consumo diário,,5–10 kg por semana,Coleta pública comum,Não,Sim,É úmido,Sim,,1 a 3,,Talvez
02/03/2026 16:56:54,Pessoa física (residência),Residencial,Guarany,Plástico,"Restos de comida, Cascas de frutas, Casca de ovos","cascas de bananas, cascas de ovos",Consumo diário,,1–5 kg por semana,Coleta pública comum,Não sei,Nunca pensei sobre isso,Não sei informar,Não,,1 a 3,,Não
02/03/2026 20:15:24,Pessoa física (residência),Residencial,Líder,"Orgânicos (restos de alimentos, cascas, bagaço), Plástico","Restos de comida, Cascas de frutas, Cascas de legumes e verduras","Cascas banana, cascas de batatinha e cenoura ",Consumo diário,,5–10 kg por semana,Coleta seletiva,Não,Sim,"Alto teor orgânico, É úmido, Contém vitaminas, minerais e compostos nutritivos",Sim,,1 a 3,,Sim
05/03/2026 13:04:35,Média/Grande empresa,Comércio,Chapecó (sem bairro),"Plástico, Papelão","Cascas de frutas, Borra de café, Sementes de frutas",Casca de banana,Consumo diário,,1–5 kg por semana,Coleta pública comum,Não,Nunca pensei sobre isso,É úmido,Não,,10 a 30,,Talvez
05/03/2026 13:04:47,Pessoa física (residência),Residencial,Centro,"Orgânicos (restos de alimentos, cascas, bagaço), Plástico","Restos de comida, Cascas de frutas, Casca de ovos",Resto de alimento e cascas de frutas ,Consumo diário,,Não sei estimar,Coleta pública comum,Não sei,Sim,"Alto teor orgânico, É úmido",Não,,1 a 3,,Sim
05/03/2026 13:09:53,Pessoa física (residência),Residencial,Pinhalzinho,"Orgânicos (restos de alimentos, cascas, bagaço), Plástico",Restos de comida,"restos de carne, arroz, feijão...",Consumo diário,,menos 1kg,Coleta pública comum,Não,Sim,"Alto teor orgânico, É úmido",Não,,1 a 3,,Talvez
05/03/2026 13:16:12,Pessoa física (residência),Residencial,Passo dos Fortes,"Orgânicos (restos de alimentos, cascas, bagaço), Plástico","Restos de comida, Cascas de frutas, Cascas de legumes e verduras","Casca de banana, de manga, de batata e restos de comida em geral ",Consumo diário,,5–10 kg por semana,Coleta pública comum,Não,Sim,"Alto teor orgânico, É úmido",Sim,,4 a 6,,Não
05/03/2026 13:25:57,Pessoa física (residência),Residencial,Chapecó (sem bairro),"Orgânicos (restos de alimentos, cascas, bagaço), Plástico","Cascas de frutas, Casca de ovos, Cascas de legumes e verduras","Casca de maçã e pera, restos de uva, erva de chimarrão, cascas de banana, resto de ovo etc",Consumo diário,,1–5 kg por semana,Coleta pública comum,Não,Nunca pensei sobre isso,"Alto teor orgânico, Contém vitaminas, minerais e compostos nutritivos",Sim,,1 a 3,,Talvez
05/03/2026 14:02:58,Pessoa física (residência),Residencial,Desbravador,"Orgânicos (restos de alimentos, cascas, bagaço), Embalagens no geral","Restos de comida, Borra de café, Cascas de legumes e verduras","Comidas a muitos dias na geladeira
Cascas de banana e ovos
Restos de verduras a muito tempo cortadas",Consumo diário,,Não sei estimar,Coleta pública comum,Não sei,Sim,"Alto teor orgânico, É úmido",Não,,4 a 6,,Sim
07/03/2026 19:08:38,Pessoa física (residência),Residencial,Santa Maria,"Orgânicos (restos de alimentos, cascas, bagaço), Plástico","Restos de comida, Cascas de frutas, Cascas de legumes e verduras","Casca de banana, maçã, mamão, legumes em geral, cebola ",Consumo diário,,1–5 kg por semana,Coleta seletiva,Não,Sim,"Alto teor orgânico, É úmido, Contém vitaminas, minerais e compostos nutritivos",Não,,1 a 3,,Sim
11/03/2026 09:32:37,Pessoa física (residência),Residencial,Coronel Freitas,"Orgânicos (restos de alimentos, cascas, bagaço), Plástico","Restos de comida, Cascas de frutas, Casca de ovos","Casca de maçã 
Restos de verduras e legumes 
Restos de carne ",Consumo diário,,1–5 kg por semana,Descarte,Não,Sim,Não sei informar,Não,,4 a 6,,Sim
11/03/2026 11:41:21,Pessoa física (residência),Comércio,São Cristóvão,"Orgânicos (restos de alimentos, cascas, bagaço), Plástico","Restos de comida, Cascas de frutas, Cascas de legumes e verduras","Cascas de tomate e cebola, restos de carne, feijão e arroz",Consumo diário,,10–50 kg por semana,Coleta pública comum,Não,Nunca pensei sobre isso,Não sei informar,Sim,,10 a 30,,Talvez
11/03/2026 19:29:30,Pessoa física (residência),Residencial,Coronel Freitas,"Orgânicos (restos de alimentos, cascas, bagaço), Plástico","Restos de comida, Casca de ovos, Cascas de legumes e verduras","Casca de ovo, de banana, restos de comida ",Consumo diário,,1–5 kg por semana,Descarte,Não,Sim,Não sei informar,Não,,4 a 6,,Sim
